{
  "experiment_name": "floodcastbench_cnn_baseline",
  "mode": "normal_training",
  "dataset": "floodcastbench",
  "event": "Australia flood",
  "resolution": "30m",
  "input_window": 5,
  "horizon": 20,
  "model": "flood_cnn_baseline",
  "output_activation": "identity",
  "final_bias_init": null,
  "loss": "mse",
  "device": "cpu",
  "best_epoch": 5,
  "best_val_rmse": 0.4623793853937964,
  "best_val_metrics": {
    "mae": 0.2676805348427774,
    "mse": 0.2137946960371449,
    "rmse": 0.4623793853937964,
    "nse": 0.28563536571752246,
    "pearson_r": 0.5931228754632153,
    "csi_gamma_0_001": 0.9827673505906791,
    "csi_gamma_0_01": 0.5476336317280316,
    "path_iou_gamma_0_001": 0.6489407146782114,
    "path_iou_gamma_0_01": 0.0754110194363828,
    "pred_min": -0.04285864904522896,
    "pred_max": 2.8783278465270996,
    "pred_mean": 0.251825213432312,
    "pred_negative_ratio": 0.0006149415276013315,
    "target_min": 0.0,
    "target_max": 18.716867446899414,
    "target_mean": 0.28728044033050537,
    "input_min": 0.0,
    "input_max": 18.572622299194336,
    "input_mean": 0.27531808614730835,
    "loss": 0.21379469484090804,
    "batches": 20
  },
  "test_metrics": {
    "mae": 0.3043981468915488,
    "mse": 0.26464776385594385,
    "rmse": 0.5144392713002613,
    "nse": 0.37289080325323076,
    "pearson_r": 0.6638910406251225,
    "csi_gamma_0_001": 0.5298549254679956,
    "csi_gamma_0_01": 0.4683474978830647,
    "path_iou_gamma_0_001": 0.028574747932780874,
    "path_iou_gamma_0_01": 0.0004802634007773113,
    "pred_min": -0.04286620765924454,
    "pred_max": 3.2824411392211914,
    "pred_mean": 0.3186843991279602,
    "pred_negative_ratio": 0.0006479468429461122,
    "target_min": 0.0,
    "target_max": 18.26207160949707,
    "target_mean": 0.36394625902175903,
    "input_min": 0.0,
    "input_max": 18.264719009399414,
    "input_mean": 0.36388492584228516,
    "loss": 0.2646477669477463,
    "batches": 20
  },
  "raw_root_mtime_unchanged": true,
  "total_time_sec": 260.7683139999863,
  "run_dir": "C:\\Users\\GDYZ5751\\Desktop\\UTeM\\code\\a-iat-research\\train_runs\\21-06-2026_15-42-06_floodcastbench_cnn_baseline"
}