{
  "experiment_name": "floodcastbench_cnn_baseline",
  "mode": "normal_training",
  "dataset": "floodcastbench",
  "event": "Australia flood",
  "resolution": "30m",
  "input_window": 5,
  "horizon": 20,
  "model": "flood_cnn_baseline",
  "output_activation": "identity",
  "final_bias_init": null,
  "loss": "mse",
  "device": "cpu",
  "best_epoch": 5,
  "best_val_rmse": 0.6249830953939245,
  "test_metrics": {
    "mae": 0.39884331498642006,
    "mse": 0.5776733344682536,
    "rmse": 0.7600482448294014,
    "nse": -0.36948007798393356,
    "pearson_r": 0.5448666229303921,
    "csi_gamma_0_001": 0.00012181517967321826,
    "csi_gamma_0_01": 0.0,
    "path_iou_gamma_0_001": 0.0,
    "path_iou_gamma_0_01": 0.0,
    "pred_min": -0.06261011213064194,
    "pred_max": 0.007702209055423737,
    "pred_mean": -0.03489099442958832,
    "target_min": 0.0,
    "target_max": 18.26207160949707,
    "target_mean": 0.36394625902175903,
    "input_min": 0.0,
    "input_max": 18.264719009399414,
    "input_mean": 0.36388492584228516,
    "loss": 0.5776733160018921,
    "batches": 2
  },
  "raw_root_mtime_unchanged": true,
  "total_time_sec": 27.103611500002444,
  "run_dir": "C:\\Users\\GDYZ5751\\Desktop\\UTeM\\code\\a-iat-research\\train_runs\\21-06-2026_15-32-35_floodcastbench_cnn_baseline"
}