{
  "experiment_name": "floodcastbench_latent_temporal",
  "mode": "normal_training",
  "dataset": "floodcastbench",
  "event": "Australia flood",
  "resolution": "30m",
  "input_window": 5,
  "horizon": 20,
  "model": "flood_latent_temporal",
  "output_activation": "identity",
  "final_bias_init": null,
  "loss": "mse",
  "device": "cpu",
  "normalization_mode": "standard",
  "normalization_stats_path": "outputs/floodcastbench_normalization/water_depth_australia_30m_train_input5_h20_stats.json",
  "metrics_are_denormalized": true,
  "best_epoch": 4,
  "best_val_rmse_raw": 0.027759793769084724,
  "best_val_metrics": {
    "raw": {
      "mae": 0.014510753713751674,
      "mse": 0.000770606150102115,
      "rmse": 0.027759793769084724,
      "nse": 0.9974251289166787,
      "pearson_r": 0.9990415607729082,
      "csi_gamma_0_001": 0.9786685126343972,
      "csi_gamma_0_01": 0.7425667260998416,
      "path_iou_gamma_0_001": 0.5597362508014397,
      "path_iou_gamma_0_01": 0.10654193203149195
    },
    "clamped": {
      "mae": 0.01451074616473115,
      "mse": 0.0007706061355235992,
      "rmse": 0.027759793506501436,
      "nse": 0.9974251289653907,
      "pearson_r": 0.999041560775711,
      "csi_gamma_0_001": 0.9786685126343972,
      "csi_gamma_0_01": 0.7425667260998416,
      "path_iou_gamma_0_001": 0.5597362508014397,
      "path_iou_gamma_0_01": 0.10654193203149195
    },
    "loss": 0.015201520873233676,
    "batches": 20,
    "pred_min": -0.0004981458187103271,
    "pred_max": 18.693565368652344,
    "pred_mean": 0.28695255517959595,
    "negative_prediction_ratio": 5.1245126087451354e-05,
    "target_min": 0.0,
    "target_max": 18.716867446899414,
    "target_mean": 0.28728044033050537,
    "input_current_min": 0.0,
    "input_current_max": 18.572622299194336,
    "input_current_mean": 0.2763737142086029
  },
  "test_metrics": {
    "raw": {
      "mae": 0.014664167707899958,
      "mse": 0.0004458621639050529,
      "rmse": 0.021115448465638918,
      "nse": 0.9989434852734225,
      "pearson_r": 0.9998376586713451,
      "csi_gamma_0_001": 0.6022661746822517,
      "csi_gamma_0_01": 0.7190526810534743,
      "path_iou_gamma_0_001": 0.031689093123177366,
      "path_iou_gamma_0_01": 0.0011979176713814135
    },
    "clamped": {
      "mae": 0.014662999730230239,
      "mse": 0.00044586117389130097,
      "rmse": 0.021115425022748203,
      "nse": 0.9989434876193585,
      "pearson_r": 0.9998376826931229,
      "csi_gamma_0_001": 0.6022661746822517,
      "csi_gamma_0_01": 0.7190526810534743,
      "path_iou_gamma_0_001": 0.031689093123177366,
      "path_iou_gamma_0_01": 0.0011979176713814135
    },
    "loss": 0.008795392233878374,
    "batches": 20,
    "pred_min": -0.0015193596482276917,
    "pred_max": 18.381818771362305,
    "pred_mean": 0.37853214144706726,
    "negative_prediction_ratio": 0.007195163052529097,
    "target_min": 0.0,
    "target_max": 18.26207160949707,
    "target_mean": 0.36394625902175903,
    "input_current_min": 0.0,
    "input_current_max": 18.26424789428711,
    "input_current_mean": 0.36388638615608215
  },
  "raw_root_mtime_unchanged": true,
  "total_time_sec": 504.85882710001897,
  "run_dir": "C:\\Users\\GDYZ5751\\Desktop\\UTeM\\code\\a-iat-research\\train_runs\\21-06-2026_17-18-05_floodcastbench_latent_temporal"
}