{
  "recovered": true,
  "interruption_reason": "terminal closed accidentally",
  "run_dir": "train_runs\\22-06-2026_19-56-20_floodcastbench_latent_temporal_h72",
  "num_epochs_completed": 15,
  "summary_json_exists": false,
  "config_exists": true,
  "metrics_csv_exists": true,
  "checkpoint_best_exists": true,
  "checkpoint_last_exists": true,
  "best_epoch_by_val_loss": 3,
  "best_epoch_by_val_rmse_raw": 3,
  "best_epoch_by_val_mae_raw": 3,
  "best_epoch_by_val_nse_raw": 3,
  "best_epoch_by_val_csi_gamma_0_001_raw": 12,
  "best_epoch_by_val_csi_gamma_0_01_raw": 6,
  "best_epoch_by_val_path_iou_gamma_0_001_raw": 12,
  "best_epoch_by_val_path_iou_gamma_0_01_raw": 6,
  "best_val_metrics": {
    "epoch": 3,
    "train_loss": 0.029264124752790315,
    "val_loss": 0.1488408666480793,
    "train_rmse_raw": 0.036794758293546254,
    "val_rmse_raw": 0.08298111770717818,
    "train_rmse_clamped": 0.036789243990061476,
    "val_rmse_clamped": 0.08297164899073407,
    "train_mae_raw": 0.011484269755307804,
    "val_mae_raw": 0.05286082651655516,
    "train_mae_clamped": 0.011427446475203426,
    "val_mae_clamped": 0.052729499491637195,
    "train_mse_raw": 0.001353854237880491,
    "val_mse_raw": 0.0068858658959325605,
    "train_nse_raw": 0.9752461918771951,
    "val_nse_raw": 0.9831164748498233,
    "val_csi_gamma_0_001_raw": 0.684512774483171,
    "val_csi_gamma_0_001_clamped": 0.684512774483171,
    "val_csi_gamma_0_01_raw": 0.6579910862301985,
    "val_csi_gamma_0_01_clamped": 0.6579910862301985,
    "val_path_iou_gamma_0_001_raw": 0.010234110395286414,
    "val_path_iou_gamma_0_001_clamped": 0.010234110395286414,
    "val_path_iou_gamma_0_01_raw": 0.015375933400186299,
    "val_path_iou_gamma_0_01_clamped": 0.015375933400186299,
    "train_pred_min": -0.052489422261714935,
    "val_pred_min": -0.11960311979055405,
    "train_pred_max": 12.270425796508789,
    "val_pred_max": 19.32943344116211,
    "train_pred_mean": 0.1244623214006424,
    "val_pred_mean": 0.32145974040031433,
    "train_negative_prediction_ratio": 0.03364806994795799,
    "val_negative_prediction_ratio": 0.025345493108034134,
    "train_target_mean": 0.11801169067621231,
    "val_target_mean": 0.3287188708782196,
    "learning_rate": 0.0001,
    "epoch_time_sec": 436.9592707999982
  },
  "best_metrics_by_criterion": {
    "val_loss": {
      "epoch": 3,
      "train_loss": 0.029264124752790315,
      "val_loss": 0.1488408666480793,
      "train_rmse_raw": 0.036794758293546254,
      "val_rmse_raw": 0.08298111770717818,
      "train_rmse_clamped": 0.036789243990061476,
      "val_rmse_clamped": 0.08297164899073407,
      "train_mae_raw": 0.011484269755307804,
      "val_mae_raw": 0.05286082651655516,
      "train_mae_clamped": 0.011427446475203426,
      "val_mae_clamped": 0.052729499491637195,
      "train_mse_raw": 0.001353854237880491,
      "val_mse_raw": 0.0068858658959325605,
      "train_nse_raw": 0.9752461918771951,
      "val_nse_raw": 0.9831164748498233,
      "val_csi_gamma_0_001_raw": 0.684512774483171,
      "val_csi_gamma_0_001_clamped": 0.684512774483171,
      "val_csi_gamma_0_01_raw": 0.6579910862301985,
      "val_csi_gamma_0_01_clamped": 0.6579910862301985,
      "val_path_iou_gamma_0_001_raw": 0.010234110395286414,
      "val_path_iou_gamma_0_001_clamped": 0.010234110395286414,
      "val_path_iou_gamma_0_01_raw": 0.015375933400186299,
      "val_path_iou_gamma_0_01_clamped": 0.015375933400186299,
      "train_pred_min": -0.052489422261714935,
      "val_pred_min": -0.11960311979055405,
      "train_pred_max": 12.270425796508789,
      "val_pred_max": 19.32943344116211,
      "train_pred_mean": 0.1244623214006424,
      "val_pred_mean": 0.32145974040031433,
      "train_negative_prediction_ratio": 0.03364806994795799,
      "val_negative_prediction_ratio": 0.025345493108034134,
      "train_target_mean": 0.11801169067621231,
      "val_target_mean": 0.3287188708782196,
      "learning_rate": 0.0001,
      "epoch_time_sec": 436.9592707999982
    },
    "val_rmse_raw": {
      "epoch": 3,
      "train_loss": 0.029264124752790315,
      "val_loss": 0.1488408666480793,
      "train_rmse_raw": 0.036794758293546254,
      "val_rmse_raw": 0.08298111770717818,
      "train_rmse_clamped": 0.036789243990061476,
      "val_rmse_clamped": 0.08297164899073407,
      "train_mae_raw": 0.011484269755307804,
      "val_mae_raw": 0.05286082651655516,
      "train_mae_clamped": 0.011427446475203426,
      "val_mae_clamped": 0.052729499491637195,
      "train_mse_raw": 0.001353854237880491,
      "val_mse_raw": 0.0068858658959325605,
      "train_nse_raw": 0.9752461918771951,
      "val_nse_raw": 0.9831164748498233,
      "val_csi_gamma_0_001_raw": 0.684512774483171,
      "val_csi_gamma_0_001_clamped": 0.684512774483171,
      "val_csi_gamma_0_01_raw": 0.6579910862301985,
      "val_csi_gamma_0_01_clamped": 0.6579910862301985,
      "val_path_iou_gamma_0_001_raw": 0.010234110395286414,
      "val_path_iou_gamma_0_001_clamped": 0.010234110395286414,
      "val_path_iou_gamma_0_01_raw": 0.015375933400186299,
      "val_path_iou_gamma_0_01_clamped": 0.015375933400186299,
      "train_pred_min": -0.052489422261714935,
      "val_pred_min": -0.11960311979055405,
      "train_pred_max": 12.270425796508789,
      "val_pred_max": 19.32943344116211,
      "train_pred_mean": 0.1244623214006424,
      "val_pred_mean": 0.32145974040031433,
      "train_negative_prediction_ratio": 0.03364806994795799,
      "val_negative_prediction_ratio": 0.025345493108034134,
      "train_target_mean": 0.11801169067621231,
      "val_target_mean": 0.3287188708782196,
      "learning_rate": 0.0001,
      "epoch_time_sec": 436.9592707999982
    },
    "val_mae_raw": {
      "epoch": 3,
      "train_loss": 0.029264124752790315,
      "val_loss": 0.1488408666480793,
      "train_rmse_raw": 0.036794758293546254,
      "val_rmse_raw": 0.08298111770717818,
      "train_rmse_clamped": 0.036789243990061476,
      "val_rmse_clamped": 0.08297164899073407,
      "train_mae_raw": 0.011484269755307804,
      "val_mae_raw": 0.05286082651655516,
      "train_mae_clamped": 0.011427446475203426,
      "val_mae_clamped": 0.052729499491637195,
      "train_mse_raw": 0.001353854237880491,
      "val_mse_raw": 0.0068858658959325605,
      "train_nse_raw": 0.9752461918771951,
      "val_nse_raw": 0.9831164748498233,
      "val_csi_gamma_0_001_raw": 0.684512774483171,
      "val_csi_gamma_0_001_clamped": 0.684512774483171,
      "val_csi_gamma_0_01_raw": 0.6579910862301985,
      "val_csi_gamma_0_01_clamped": 0.6579910862301985,
      "val_path_iou_gamma_0_001_raw": 0.010234110395286414,
      "val_path_iou_gamma_0_001_clamped": 0.010234110395286414,
      "val_path_iou_gamma_0_01_raw": 0.015375933400186299,
      "val_path_iou_gamma_0_01_clamped": 0.015375933400186299,
      "train_pred_min": -0.052489422261714935,
      "val_pred_min": -0.11960311979055405,
      "train_pred_max": 12.270425796508789,
      "val_pred_max": 19.32943344116211,
      "train_pred_mean": 0.1244623214006424,
      "val_pred_mean": 0.32145974040031433,
      "train_negative_prediction_ratio": 0.03364806994795799,
      "val_negative_prediction_ratio": 0.025345493108034134,
      "train_target_mean": 0.11801169067621231,
      "val_target_mean": 0.3287188708782196,
      "learning_rate": 0.0001,
      "epoch_time_sec": 436.9592707999982
    },
    "val_nse_raw": {
      "epoch": 3,
      "train_loss": 0.029264124752790315,
      "val_loss": 0.1488408666480793,
      "train_rmse_raw": 0.036794758293546254,
      "val_rmse_raw": 0.08298111770717818,
      "train_rmse_clamped": 0.036789243990061476,
      "val_rmse_clamped": 0.08297164899073407,
      "train_mae_raw": 0.011484269755307804,
      "val_mae_raw": 0.05286082651655516,
      "train_mae_clamped": 0.011427446475203426,