{
  "metadata": {
    "baseline": "linear_delta",
    "dataset": "FloodCastBench",
    "event": "Australia flood",
    "fidelity": "high",
    "resolution": "30m",
    "split": "val",
    "input_window": 5,
    "horizon": 144,
    "num_samples": 284,
    "num_available_samples": 284,
    "prediction_rule": "prediction = clamp(last + horizon * (last - previous), min=0)",
    "elapsed_seconds": 37.38887360000081,
    "raw_root_mtime_unchanged": true
  },
  "water_depth": {
    "mae": 0.04042477444715597,
    "mse": 0.013013750269302318,
    "rmse": 0.11407782549339866,
    "nse": 0.9687225138706679,
    "pearson_r": 0.9885402636463324
  },
  "mask": {
    "0.001": {
      "csi": 0.738800141149175,
      "iou": 0.738800141149175,
      "f1": 0.8497815518474725,
      "precision": 0.8101031998586129,
      "recall": 0.8935469257461393
    },
    "0.01": {
      "csi": 0.8912383963201107,
      "iou": 0.8912383963201107,
      "f1": 0.9424918593597122,
      "precision": 0.9145517164984679,
      "recall": 0.9721929798718667
    }
  },
  "propagation_path": {
    "0.001": {
      "csi": 0.008330032115246147,
      "iou": 0.008330032115246147,
      "f1": 0.01652243184262129,
      "precision": 0.008829542867676225,
      "recall": 0.1283464748289814
    },
    "0.01": {
      "csi": 0.06148501224868401,
      "iou": 0.06148501224868401,
      "f1": 0.11584716041997084,
      "precision": 0.06795304487787202,
      "recall": 0.3924520177132812
    }
  }
}