{
  "metadata": {
    "baseline": "linear_delta",
    "dataset": "FloodCastBench",
    "event": "Australia flood",
    "fidelity": "high",
    "resolution": "30m",
    "split": "val",
    "input_window": 5,
    "horizon": 20,
    "num_samples": 408,
    "num_available_samples": 408,
    "prediction_rule": "prediction = clamp(last + horizon * (last - previous), min=0)",
    "elapsed_seconds": 105.7935531999974,
    "raw_root_mtime_unchanged": true
  },
  "water_depth": {
    "mae": 0.0021278639985110805,
    "mse": 6.924623138118703e-05,
    "rmse": 0.00832143205110677,
    "nse": 0.9998255732483915,
    "pearson_r": 0.9999134225161259
  },
  "mask": {
    "0.001": {
      "csi": 0.9394052353065929,
      "iou": 0.9394052353065929,
      "f1": 0.9687560064341953,
      "precision": 0.9805892319670976,
      "recall": 0.9572049696515663
    },
    "0.01": {
      "csi": 0.9782090629977352,
      "iou": 0.9782090629977352,
      "f1": 0.9889845126029081,
      "precision": 0.9876773296535349,
      "recall": 0.9902951602298544
    }
  },
  "propagation_path": {
    "0.001": {
      "csi": 0.1452663574152951,
      "iou": 0.1452663574152951,
      "f1": 0.2536813492769329,
      "precision": 0.28675155803059404,
      "recall": 0.2274501916485723
    },
    "0.01": {
      "csi": 0.19329683205330964,
      "iou": 0.19329683205330964,
      "f1": 0.3239710805578913,
      "precision": 0.2551436053780814,
      "recall": 0.4436499912477255
    }
  }
}