{
  "metadata": {
    "baseline": "linear_delta",
    "dataset": "FloodCastBench",
    "event": "Australia flood",
    "fidelity": "high",
    "resolution": "30m",
    "split": "val",
    "input_window": 5,
    "horizon": 72,
    "num_samples": 356,
    "num_available_samples": 356,
    "prediction_rule": "prediction = clamp(last + horizon * (last - previous), min=0)",
    "elapsed_seconds": 45.61883610000041,
    "raw_root_mtime_unchanged": true
  },
  "water_depth": {
    "mae": 0.012957627676332222,
    "mse": 0.001818102504239026,
    "rmse": 0.04263921322256106,
    "nse": 0.9955421757530316,
    "pearson_r": 0.9979704196828756
  },
  "mask": {
    "0.001": {
      "csi": 0.8261497734369827,
      "iou": 0.8261497734369827,
      "f1": 0.9047995793708558,
      "precision": 0.9127492405373253,
      "recall": 0.8969871989430614
    },
    "0.01": {
      "csi": 0.9361282275074609,
      "iou": 0.9361282275074609,
      "f1": 0.9670105669732595,
      "precision": 0.9546130272158674,
      "recall": 0.9797343569230588
    }
  },
  "propagation_path": {
    "0.001": {
      "csi": 0.042077345987622,
      "iou": 0.042077345987622,
      "f1": 0.08075666580726494,
      "precision": 0.053363953372653,
      "recall": 0.1659333475420318
    },
    "0.01": {
      "csi": 0.0755389327673945,
      "iou": 0.0755389327673945,
      "f1": 0.14046712855485485,
      "precision": 0.08464868705102258,
      "recall": 0.41242652569618715
    }
  }
}