{
  "metadata": {
    "baseline": "linear_delta",
    "dataset": "FloodCastBench",
    "event": "Australia flood",
    "fidelity": "high",
    "resolution": "30m",
    "split": "test",
    "input_window": 5,
    "horizon": 20,
    "num_samples": 409,
    "num_available_samples": 409,
    "prediction_rule": "prediction = clamp(last + horizon * (last - previous), min=0)",
    "elapsed_seconds": 104.5348243000044,
    "raw_root_mtime_unchanged": true
  },
  "water_depth": {
    "mae": 8.281771981069772e-05,
    "mse": 1.3242699766548273e-07,
    "rmse": 0.0003639052042297317,
    "nse": 0.9999996884543461,
    "pearson_r": 0.9999998439117544
  },
  "mask": {
    "0.001": {
      "csi": 0.9825341306531629,
      "iou": 0.9825341306531629,
      "f1": 0.9911901293012884,
      "precision": 0.9880295044965158,
      "recall": 0.9943710401550213
    },
    "0.01": {
      "csi": 0.9996860503417262,
      "iou": 0.9996860503417262,
      "f1": 0.9998430005258975,
      "precision": 0.9999312398097738,
      "recall": 0.9997547768140602
    }
  },
  "propagation_path": {
    "0.001": {
      "csi": 0.12588736224416774,
      "iou": 0.12588736224416774,
      "f1": 0.22362336849264133,
      "precision": 0.16152317722695975,
      "recall": 0.3632998610119623
    },
    "0.01": {
      "csi": 0.6284130526445695,
      "iou": 0.6284130526445695,
      "f1": 0.771810385115762,
      "precision": 0.8581801328595705,
      "recall": 0.7012359563456088
    }
  }
}