{
  "metadata": {
    "baseline": "linear_delta",
    "dataset": "FloodCastBench",
    "event": "Australia flood",
    "fidelity": "high",
    "resolution": "30m",
    "split": "test",
    "input_window": 5,
    "horizon": 72,
    "num_samples": 357,
    "num_available_samples": 357,
    "prediction_rule": "prediction = clamp(last + horizon * (last - previous), min=0)",
    "elapsed_seconds": 43.2854051000013,
    "raw_root_mtime_unchanged": true
  },
  "water_depth": {
    "mae": 0.0006410074529103893,
    "mse": 7.931179142328746e-06,
    "rmse": 0.0028162349231427315,
    "nse": 0.9999813585612162,
    "pearson_r": 0.9999907393700591
  },
  "mask": {
    "0.001": {
      "csi": 0.934536411968215,
      "iou": 0.934536411968215,
      "f1": 0.9661605810948879,
      "precision": 0.9505995779100055,
      "recall": 0.9822395197461036
    },
    "0.01": {
      "csi": 0.9978279610909425,
      "iou": 0.9978279610909425,
      "f1": 0.9989127998249301,
      "precision": 0.9995330880763393,
      "recall": 0.9982932809705433
    }
  },
  "propagation_path": {
    "0.001": {
      "csi": 0.02910295673432582,
      "iou": 0.02910295673432582,
      "f1": 0.05655985447108003,
      "precision": 0.03321488155684674,
      "recall": 0.1903390330299928
    },
    "0.01": {
      "csi": 0.35026159727497735,
      "iou": 0.35026159727497735,
      "f1": 0.518805538099959,
      "precision": 0.6234494866608145,
      "recall": 0.44424112450173664
    }
  }
}