{
  "metadata": {
    "baseline": "persistence",
    "dataset": "FloodCastBench",
    "event": "Australia flood",
    "fidelity": "high",
    "resolution": "30m",
    "split": "test",
    "input_window": 5,
    "horizon": 144,
    "num_samples": 285,
    "num_available_samples": 285,
    "prediction_rule": "prediction = last input frame",
    "elapsed_seconds": 36.856662100000904,
    "raw_root_mtime_unchanged": true
  },
  "water_depth": {
    "mae": 0.008354663796914833,
    "mse": 0.0006298666219677688,
    "rmse": 0.025097143701381018,
    "nse": 0.9985212456859457,
    "pearson_r": 0.9992616101742019
  },
  "mask": {
    "0.001": {
      "csi": 0.9653553618923877,
      "iou": 0.9653553618923877,
      "f1": 0.9823723288015181,
      "precision": 0.9748109833116446,
      "recall": 0.9900518939182213
    },
    "0.01": {
      "csi": 0.9896830016118467,
      "iou": 0.9896830016118467,
      "f1": 0.994814752711967,
      "precision": 0.99222651724513,
      "recall": 0.9974165263835301
    }
  },
  "propagation_path": {
    "0.001": {
      "csi": 0.0,
      "iou": 0.0,
      "f1": NaN,
      "precision": NaN,
      "recall": 0.0
    },
    "0.01": {
      "csi": 0.0,
      "iou": 0.0,
      "f1": NaN,
      "precision": NaN,
      "recall": 0.0
    }
  }
}