{
  "metadata": {
    "baseline": "persistence",
    "dataset": "FloodCastBench",
    "event": "Australia flood",
    "fidelity": "high",
    "resolution": "30m",
    "split": "test",
    "input_window": 5,
    "horizon": 20,
    "num_samples": 409,
    "num_available_samples": 409,
    "prediction_rule": "prediction = last input frame",
    "elapsed_seconds": 104.07765459999791,
    "raw_root_mtime_unchanged": true
  },
  "water_depth": {
    "mae": 0.0012004115050509442,
    "mse": 1.33360643587016e-05,
    "rmse": 0.003651857658603577,
    "nse": 0.9999686257865491,
    "pearson_r": 0.9999843621074866
  },
  "mask": {
    "0.001": {
      "csi": 0.988552770703843,
      "iou": 0.988552770703843,
      "f1": 0.9942434370036329,
      "precision": 0.99442889979582,
      "recall": 0.99405804337684
    },
    "0.01": {
      "csi": 0.9984844758625625,
      "iou": 0.9984844758625625,
      "f1": 0.999241663292489,
      "precision": 0.9988818730035098,
      "recall": 0.9996017128627686
    }
  },
  "propagation_path": {
    "0.001": {
      "csi": 0.0,
      "iou": 0.0,
      "f1": NaN,
      "precision": NaN,
      "recall": 0.0
    },
    "0.01": {
      "csi": 0.0,
      "iou": 0.0,
      "f1": NaN,
      "precision": NaN,
      "recall": 0.0
    }
  }
}