{
  "metadata": {
    "baseline": "persistence",
    "dataset": "FloodCastBench",
    "event": "Australia flood",
    "fidelity": "high",
    "resolution": "30m",
    "split": "val",
    "input_window": 5,
    "horizon": 72,
    "num_samples": 356,
    "num_available_samples": 356,
    "prediction_rule": "prediction = last input frame",
    "elapsed_seconds": 42.494976700001644,
    "raw_root_mtime_unchanged": true
  },
  "water_depth": {
    "mae": 0.023611289710216064,
    "mse": 0.003812160135553933,
    "rmse": 0.061742692972965904,
    "nse": 0.9906529253185802,
    "pearson_r": 0.99577028807681
  },
  "mask": {
    "0.001": {
      "csi": 0.8749984046257747,
      "iou": 0.8749984046257747,
      "f1": 0.9333324257418908,
      "precision": 0.8778004739950371,
      "recall": 0.996365084572565
    },
    "0.01": {
      "csi": 0.9601293082239257,
      "iou": 0.9601293082239257,
      "f1": 0.979659152276948,
      "precision": 0.9674586349201246,
      "recall": 0.9921713186447293
    }
  },
  "propagation_path": {
    "0.001": {
      "csi": 0.0,
      "iou": 0.0,
      "f1": NaN,
      "precision": NaN,
      "recall": 0.0
    },
    "0.01": {
      "csi": 0.0,
      "iou": 0.0,
      "f1": NaN,
      "precision": NaN,
      "recall": 0.0
    }
  }
}