{
  "metadata": {
    "baseline": "persistence",
    "dataset": "FloodCastBench",
    "event": "Australia flood",
    "fidelity": "high",
    "resolution": "30m",
    "split": "test",
    "input_window": 5,
    "horizon": 72,
    "num_samples": 357,
    "num_available_samples": 357,
    "prediction_rule": "prediction = last input frame",
    "elapsed_seconds": 45.74116760000106,
    "raw_root_mtime_unchanged": true
  },
  "water_depth": {
    "mae": 0.0042362471984118185,
    "mse": 0.0001656275614811099,
    "rmse": 0.012869637193064531,
    "nse": 0.9996107090770663,
    "pearson_r": 0.9998058201456832
  },
  "mask": {
    "0.001": {
      "csi": 0.9764693350875061,
      "iou": 0.9764693350875061,
      "f1": 0.9880945965137111,
      "precision": 0.984938972213279,
      "recall": 0.9912705062768099
    },
    "0.01": {
      "csi": 0.9947120499600893,
      "iou": 0.9947120499600893,
      "f1": 0.9973490158441584,
      "precision": 0.9960506326376747,
      "recall": 0.9986507884351884
    }
  },
  "propagation_path": {
    "0.001": {
      "csi": 0.0,
      "iou": 0.0,
      "f1": NaN,
      "precision": NaN,
      "recall": 0.0
    },
    "0.01": {
      "csi": 0.0,
      "iou": 0.0,
      "f1": NaN,
      "precision": NaN,
      "recall": 0.0
    }
  }
}