{
  "experiment_name": "floodcastbench_cnn_baseline",
  "mode": "overfit_one_batch",
  "dataset": "floodcastbench",
  "event": "Australia flood",
  "resolution": "30m",
  "input_window": 5,
  "horizon": 20,
  "model": "flood_cnn_baseline",
  "output_activation": "identity",
  "final_bias_init": null,
  "loss": "mse",
  "device": "cpu",
  "overfit_steps": 50,
  "overfit_log_every": 10,
  "best_step": 50,
  "best_rmse": 0.008945483317950654,
  "initial_loss": 0.0037529743276536465,
  "final_loss": 8.002167305676267e-05,
  "loss_decreased": true,
  "final_metrics": {
    "mae": 0.0028050063078597647,
    "mse": 8.002167179173346e-05,
    "rmse": 0.008945483317950654,
    "nse": -0.07660590446247717,
    "pearson_r": -0.007071328564704603,
    "csi_gamma_0_001": 0.23373189584453055,
    "csi_gamma_0_01": 0.0,
    "path_iou_gamma_0_001": 0.0002210789357636337,
    "path_iou_gamma_0_01": 0.0,
    "pred_min": -0.04917803406715393,
    "pred_max": 0.002715775743126869,
    "pred_mean": 0.0013969908468425274,
    "target_min": 2.2832469767308794e-05,
    "target_max": 1.0518964529037476,
    "target_mean": 0.002190271858125925,
    "input_min": 2.4085855329758488e-05,
    "input_max": 1.0599255561828613,
    "input_mean": 0.0021902737207710743,
    "loss": 8.002167305676267e-05,
    "batches": 1
  },
  "raw_root_mtime_unchanged": true,
  "total_time_sec": 68.54556749999756,
  "run_dir": "C:\\Users\\GDYZ5751\\Desktop\\UTeM\\code\\a-iat-research\\train_runs\\21-06-2026_15-31-05_floodcastbench_cnn_baseline"
}