{
  "experiment_name": "floodcastbench_latent_mamba_h20",
  "mode": "normal_training",
  "dataset": "floodcastbench",
  "event": "Australia flood",
  "resolution": "30m",
  "input_window": 5,
  "horizon": 20,
  "model": "flood_latent_temporal",
  "output_activation": "identity",
  "final_bias_init": null,
  "loss": "mse",
  "device": "cuda",
  "normalization_mode": "standard",
  "normalization_stats_path": "outputs/floodcastbench_normalization/water_depth_australia_30m_train_input5_h20_stats.json",
  "metrics_are_denormalized": true,
  "best_epoch": 1,
  "best_val_rmse_raw": 0.022378531131190028,
  "best_val_metrics": {
    "raw": {
      "mae": 0.013608495862690764,
      "mse": 0.0005007986555896413,
      "rmse": 0.022378531131190028,
      "nse": 0.9987385207945206,
      "pearson_r": 0.9995065507167069,
      "csi_gamma_0_001": 0.75434808907757,
      "csi_gamma_0_01": 0.7794327815971054,
      "path_iou_gamma_0_001": 0.017586822444134707,
      "path_iou_gamma_0_01": 0.01666778325081162
    },
    "clamped": {
      "mae": 0.013589668033383519,
      "mse": 0.0005006704595022796,
      "rmse": 0.02237566668285617,
      "nse": 0.9987388437121176,
      "pearson_r": 0.9995070368777077,
      "csi_gamma_0_001": 0.75434808907757,
      "csi_gamma_0_01": 0.7794327815971054,
      "path_iou_gamma_0_001": 0.017586822444134707,
      "path_iou_gamma_0_01": 0.01666778325081162
    },
    "loss": 0.009879108178246693,
    "batches": 204,
    "pred_min": -0.03204444795846939,
    "pred_max": 18.77120590209961,
    "pred_mean": 0.28740835189819336,
    "negative_prediction_ratio": 0.0030790504533797503,
    "target_min": 0.0,
    "target_max": 18.732425689697266,
    "target_mean": 0.287799209356308,
    "input_current_min": 0.0,
    "input_current_max": 18.575254440307617,
    "input_current_mean": 0.27663755416870117
  },
  "test_metrics": {
    "raw": {
      "mae": 0.013967476605344791,
      "mse": 0.00041401782249409223,
      "rmse": 0.020347427908561127,
      "nse": 0.9990259882584307,
      "pearson_r": 0.9998630606809781,
      "csi_gamma_0_001": 0.6097567874540797,
      "csi_gamma_0_01": 0.7947864887537618,
      "path_iou_gamma_0_001": 0.008198322253477967,
      "path_iou_gamma_0_01": 0.0012397394929125369
    },
    "clamped": {
      "mae": 0.013941806285590195,
      "mse": 0.00041386848684091314,
      "rmse": 0.020343757933108452,
      "nse": 0.9990263395831123,
      "pearson_r": 0.9998637021661625,
      "csi_gamma_0_001": 0.6097567874540797,
      "csi_gamma_0_01": 0.7947864887537618,
      "path_iou_gamma_0_001": 0.008198322253477967,
      "path_iou_gamma_0_01": 0.0012397394929125369
    },
    "loss": 0.008166954339277454,
    "batches": 205,
    "pred_min": -0.03121962398290634,
    "pred_max": 18.3969669342041,
    "pred_mean": 0.3777756989002228,
    "negative_prediction_ratio": 0.02245795913040638,
    "target_min": 0.0,
    "target_max": 18.26207160949707,
    "target_mean": 0.3639521598815918,
    "input_current_min": 0.0,
    "input_current_max": 18.26424789428711,
    "input_current_mean": 0.3638867735862732
  },
  "raw_root_mtime_unchanged": true,
  "total_time_sec": 38269.229774455,
  "run_dir": "/mnt/c/Users/Student/Desktop/wissam/a-iat-research/train_runs/24-06-2026_01-26-51_floodcastbench_latent_mamba_h20"
}