method,split,horizon,mae,rmse,mse,nse,csi_gamma_0_001,csi_gamma_0_01,path_iou_gamma_0_001,path_iou_gamma_0_01,negative_prediction_ratio,pred_min,pred_max,pred_mean
cnn_baseline_raw,val,20,0.2764367933709652,0.49769711824153573,0.24770242150592922,0.17233751337206338,0.9833857654936166,0.5476010766687889,0.6496648771833935,0.07545153615576376,0.0,0.06987443566322327,9.730915069580078,0.2926640510559082
cnn_baseline_clamped,val,20,0.2764367933709652,0.49769711824153573,0.24770242150592922,0.17233751337206338,0.9833857654936166,0.5476010766687889,0.6496648771833935,0.07545153615576376,0.0,0.06987443566322327,9.730915069580078,0.2926640510559082
persistence,val,20,0.017694853807941734,0.03521460757311404,0.0012400685865284204,0.9958564868131871,0.9688418731752857,0.9318733258509376,0.0,0.0,,,,
linear_delta,val,20,0.007934216059868368,0.01693333302849155,0.00028673776745380284,0.9990419064449264,0.9220131744277412,0.9197981382163172,0.15595629715125975,0.2666301686645673,,,,
