method,split,horizon,mae,rmse,mse,nse,csi_gamma_0_001,csi_gamma_0_01,path_iou_gamma_0_001,path_iou_gamma_0_01,negative_prediction_ratio,pred_min,pred_max,pred_mean
cnn_baseline_raw,val,20,0.2400169852622491,0.4302653784493728,0.185128295892182,0.38142007336150296,0.8938616132510222,0.585514146519383,0.5234728445835137,0.07453733353309087,0.09192333370447159,-0.030908115208148956,4.772696495056152,0.3514067828655243
cnn_baseline_clamped,val,20,0.23916223935556213,0.43024036678415933,0.18510677321056795,0.3814919883475385,0.8938616132510222,0.585514146519383,0.5234728445835137,0.07453733353309087,0.09192333370447159,-0.030908115208148956,4.772696495056152,0.3514067828655243
persistence,val,20,0.017694853807941734,0.03521460757311404,0.0012400685865284204,0.9958564868131871,0.9688418731752857,0.9318733258509376,0.0,0.0,,,,
linear_delta,val,20,0.007934216059868368,0.01693333302849155,0.00028673776745380284,0.9990419064449264,0.9220131744277412,0.9197981382163172,0.15595629715125975,0.2666301686645673,,,,
