method,split,horizon,mae,rmse,mse,nse,csi_gamma_0_001,csi_gamma_0_01,path_iou_gamma_0_001,path_iou_gamma_0_01,negative_prediction_ratio,pred_min,pred_max,pred_mean
cnn_baseline_raw,val,20,0.2676805348427774,0.4623793853937964,0.2137946960371449,0.28563536571752246,0.9827673505906791,0.5476336317280316,0.6489407146782114,0.0754110194363828,0.0006149415276013315,-0.04285864904522896,2.8783278465270996,0.251825213432312
cnn_baseline_clamped,val,20,0.26767152758898627,0.4623782583160566,0.21379365376338996,0.2856388483273513,0.9827673505906791,0.5476336317280316,0.6489407146782114,0.0754110194363828,0.0006149415276013315,-0.04285864904522896,2.8783278465270996,0.251825213432312
persistence,val,20,0.017694853765531506,0.03521460787419809,0.0012400686077335343,0.9958564867423332,0.9688417379641756,0.9318733258509376,0.0,0.0,,,,
linear_delta,val,20,0.007934215858419786,0.016933333018708186,0.00028673776712247293,0.9990419064460335,0.9220132997888276,0.9197979119469055,0.15595836785334413,0.26662905915824586,,,,
