method,split,horizon,samples,mae,rmse,mse,nse,pearson_r,csi_gamma_0_001,iou_gamma_0_001,f1_gamma_0_001,precision_gamma_0_001,recall_gamma_0_001,csi_gamma_0_01,iou_gamma_0_01,f1_gamma_0_01,precision_gamma_0_01,recall_gamma_0_01,path_iou_gamma_0_001,path_iou_gamma_0_01,negative_prediction_ratio,pred_min,pred_max,pred_mean,target_mean
persistence,val,20,408,0.007303428497591287,0.019640132594087503,0.00038573480831333835,0.9990283591168907,0.9995680033016994,0.9596946904719836,0.9596946904719836,0.9794328628209382,0.9649030047319204,0.9944070027729963,0.9823022421525653,0.9823022421525653,0.9910721193412884,0.9890431770335214,0.9931094031840472,0.0,0.0,0.0,0.0,19.209829330444336,0.3497140085490546,0.35379113903580206
linear_delta,val,20,408,0.0021278644357041365,0.008321432038481149,6.924623117106053e-05,0.9998255732494009,0.9999134290428966,0.939404960918956,0.939404960918956,0.9687558605334639,0.9805890592005051,0.9572048493921126,0.9782090673301549,0.9782090673301549,0.9889845148171044,0.987677325530732,0.9902951688146793,0.14527641555628745,0.1932969278830104,0.0,0.0,19.587976455688477,0.3540696517574345,0.35379113903580206
flood_latent_temporal,val,20,408,0.013266705318456709,0.022520827404700496,0.0005071876669923088,0.9987224272685854,0.9995004945873948,0.7923231025934384,0.7923231025934384,0.8841297659411635,0.8045271093979388,0.9812144729347091,0.8270902246343385,0.8270902246343385,0.9053633077149944,0.8292856737570742,0.9968093553987657,0.0161859382331195,0.019644191211616886,0.06193744572661715,-0.053993791341781616,19.371665954589844,0.36296259238886147,0.35379113903580206
