method,split,horizon,mae,rmse,mse,nse,csi_gamma_0_001,csi_gamma_0_01,path_iou_gamma_0_001,path_iou_gamma_0_01,negative_prediction_ratio,pred_min,pred_max,pred_mean
flood_latent_temporal_raw,test,72,0.027200979340022077,0.08297032688480088,0.006884075143370713,0.9838196741322376,0.6209966350085557,0.7834997174140136,0.010608020305713672,0.004083241407756281,0.1165652945637703,-2.443262815475464,22.007333755493164,0.38986310362815857
flood_latent_temporal_clamped,test,72,0.026799027770906734,0.08251254290356054,0.006808319736411918,0.9839977295928928,0.6209966350085557,0.7834997174140136,0.010608020305713672,0.004083241407756281,0.1165652945637703,-2.443262815475464,22.007333755493164,0.38986310362815857
