method,split,horizon,samples,mae,rmse,mse,nse,pearson_r,csi_gamma_0_001,iou_gamma_0_001,f1_gamma_0_001,precision_gamma_0_001,recall_gamma_0_001,csi_gamma_0_01,iou_gamma_0_01,f1_gamma_0_01,precision_gamma_0_01,recall_gamma_0_01,path_iou_gamma_0_001,path_iou_gamma_0_01,negative_prediction_ratio,pred_min,pred_max,pred_mean,target_mean
persistence,val,72,356,0.023611289598234,0.0617426928463453,0.0038121601199181394,0.9906529253817953,0.9957702870219897,0.8749984344730164,0.8749984344730164,0.9333324427216835,0.8778004974323417,0.9963650930777129,0.9601293082239257,0.9601293082239257,0.979659152276948,0.9674586349201246,0.9921713186447293,0.0,0.0,0.0,0.0,19.209829330444336,0.3476486646115152,0.35991856493071744
linear_delta,val,72,356,0.0129576279154854,0.042639213437451536,0.0018181025225645479,0.9955421757199637,0.9979704163523129,0.8261505463847527,0.8261505463847527,0.9048000429321565,0.9127504037165125,0.8969869867727961,0.9361281501850278,0.9361281501850278,0.9670105257191429,0.9546129704728582,0.979734331998049,0.04207437111134671,0.07553865756196552,0.0,0.0,27.0174617767334,0.3662153408538687,0.35991856493071744
flood_latent_temporal_raw,val,72,356,0.052860826640450206,0.08298111776460322,0.006885865905462949,0.9831164745433892,0.994832752385865,0.684512774483171,0.684512774483171,0.8127130703335722,0.6909204277793427,0.9866326628116227,0.6579910862301985,0.6579910862301985,0.7937208971687341,0.6581608363635163,0.9996081788468352,0.010234110395286414,0.015375933400186299,0.03990933789549959,-0.12674903869628906,20.002492904663086,0.40361553940592115,0.35991856493071744
flood_latent_temporal_clamped,val,72,356,0.05272949952975875,0.08297164914149201,0.006884294561258852,0.9831203273384096,0.9948428679828247,0.684512774483171,0.684512774483171,0.8127130703335722,0.6909204277793427,0.9866326628116227,0.6579910862301985,0.6579910862301985,0.7937208971687341,0.6581608363635163,0.9996081788468352,0.010234110395286414,0.015375933400186299,0.0,0.0,20.002492904663086,0.40374686724092207,0.35991856493071744
