method,split,horizon,mae,rmse,mse,nse,csi_gamma_0_001,csi_gamma_0_01,path_iou_gamma_0_001,path_iou_gamma_0_01,negative_prediction_ratio,pred_min,pred_max,pred_mean
flood_latent_temporal_raw,val,20,0.014510753713751674,0.027759793769084724,0.000770606150102115,0.9974251289166787,0.9786685126343972,0.7425667260998416,0.5597362508014397,0.10654193203149195,5.1245126087451354e-05,-0.0004981458187103271,18.693565368652344,0.28695255517959595
flood_latent_temporal_clamped,val,20,0.01451074616473115,0.027759793506501436,0.0007706061355235992,0.9974251289653907,0.9786685126343972,0.7425667260998416,0.5597362508014397,0.10654193203149195,5.1245126087451354e-05,-0.0004981458187103271,18.693565368652344,0.28695255517959595
persistence,val,20,0.017694853807941734,0.03521460757311404,0.0012400685865284204,0.9958564868131871,0.9688418731752857,0.9318733258509376,0.0,0.0,,,,
linear_delta,val,20,0.007934216059868368,0.01693333302849155,0.00028673776745380284,0.9990419064449264,0.9220131744277412,0.9197981382163172,0.15595629715125975,0.2666301686645673,,,,
