method,split,horizon,samples,mae,rmse,mse,nse,pearson_r,csi_gamma_0_001,iou_gamma_0_001,f1_gamma_0_001,precision_gamma_0_001,recall_gamma_0_001,csi_gamma_0_01,iou_gamma_0_01,f1_gamma_0_01,precision_gamma_0_01,recall_gamma_0_01,path_iou_gamma_0_001,path_iou_gamma_0_01,negative_prediction_ratio,pred_min,pred_max,pred_mean,target_mean
persistence,test,20,409,0.0012004114941632329,0.003651857640163822,1.3336064224022878e-05,0.9999686257869355,0.9999843625765499,0.9885527086924802,0.9885527086924802,0.9942434056399508,0.9944288765206176,0.9940580039307124,0.9984844758625625,0.9984844758625625,0.999241663292489,0.9988818730035098,0.9996017128627686,0.0,0.0,0.0,0.0,18.26424789428711,0.36436606145799477,0.3644075393159814
linear_delta,test,20,409,8.281958407201927e-05,0.0003639053600582735,1.3242711107914165e-07,0.9999996884540799,0.9999998382914579,0.9825341433957854,0.9825341433957854,0.9911901357853549,0.9880294837106467,0.9943710742600719,0.9996860137828615,0.9996860137828615,0.9998429822407248,0.9999312260945935,0.9997547539605081,0.1258902547326594,0.6284104114604223,0.0,0.0,18.261959075927734,0.36440385662334424,0.3644075393159814
flood_latent_temporal,test,20,409,0.013833733217015415,0.02081306744399816,0.00043318377642841604,0.9989808987217311,0.9998470814267404,0.6713000621565508,0.6713000621565508,0.8033267961353908,0.6765548246094788,0.988562332592179,0.8427075511687112,0.8427075511687112,0.9146405794389195,0.8428297045375802,0.9998280453024503,0.007396847879069252,0.0016737128708084255,0.10641884525577533,-0.05174235254526138,18.43373680114746,0.3779170847087671,0.3644075393159814
