method,split,horizon,samples,mae,rmse,mse,nse,pearson_r,csi_gamma_0_001,iou_gamma_0_001,f1_gamma_0_001,precision_gamma_0_001,recall_gamma_0_001,csi_gamma_0_01,iou_gamma_0_01,f1_gamma_0_01,precision_gamma_0_01,recall_gamma_0_01,path_iou_gamma_0_001,path_iou_gamma_0_01,negative_prediction_ratio,pred_min,pred_max,pred_mean,target_mean
persistence,test,72,357,0.004236247172276664,0.012869637196670286,0.0001656275615739194,0.9996107090761396,0.9998058213986359,0.9764692169065544,0.9764692169065544,0.9880945360078643,0.9849389103430956,0.9912704471541472,0.9947120499600893,0.9947120499600893,0.9973490158441584,0.9960506326376747,0.9986507884351884,0.0,0.0,0.0,0.0,18.26424789428711,0.36433081178505944,0.36444954354394576
linear_delta,test,72,357,0.0006410089382335761,0.002816235226639221,7.931180851763665e-06,0.9999813585571643,0.9999907375837215,0.9345360449567786,0.9345360449567786,0.9661603849595451,0.9505996482430414,0.9822390392176088,0.9978279662847932,0.9978279662847932,0.9989128024275054,0.9995331090524838,0.9982932652451002,0.02910132021335083,0.3502678792965603,0.0,0.0,18.25600814819336,0.36448728612808345,0.36444954354394576
flood_latent_temporal_raw,test,72,357,0.05785376489586253,0.08465973960022741,0.007167271509178312,0.9831540492364157,0.998018451602402,0.5671143052293227,0.5671143052293227,0.7237689086710677,0.569621255890147,0.9922992740000126,0.6674541083114943,0.6674541083114943,0.8005666902429778,0.6675527556323494,0.9997786486632988,0.0098877770215783,0.002459601973844685,0.06009394531084018,-0.12536227703094482,18.91520881652832,0.42171695469661025,0.36444954354394576
flood_latent_temporal_clamped,test,72,357,0.0576686635683875,0.08464786398434294,0.007165260877111824,0.9831587750248489,0.9980323138975042,0.5671143052293227,0.5671143052293227,0.7237689086710677,0.569621255890147,0.9922992740000126,0.6674541083114943,0.6674541083114943,0.8005666902429778,0.6675527556323494,0.9997786486632988,0.0098877770215783,0.002459601973844685,0.0,0.0,18.91520881652832,0.42190205955945886,0.36444954354394576
