{
  "metadata": {
    "checkpoint": "/mnt/c/Users/Student/Desktop/wissam/a-iat-research/train_runs/23-06-2026_00-45-05_floodcastbench_latent_mamba_h72/checkpoint_last.pth",
    "split": "test",
    "horizon": 72,
    "input_window": 5,
    "event": "Australia flood",
    "resolution": "30m",
    "model": "flood_latent_temporal",
    "normalization_mode": "standard",
    "normalization_stats_path": "outputs/floodcastbench_normalization/water_depth_australia_30m_train_input5_h72_stats.json",
    "metrics_are_denormalized": true,
    "num_batches": 357,
    "num_available_samples": 357,
    "raw_root_mtime_unchanged": true,
    "elapsed_seconds": 797.5845909940108
  },
  "rows": [
    {
      "method": "flood_latent_temporal_raw",
      "split": "test",
      "horizon": 72,
      "mae": 0.027200979340022077,
      "rmse": 0.08297032688480088,
      "mse": 0.006884075143370713,
      "nse": 0.9838196741322376,
      "csi_gamma_0_001": 0.6209966350085557,
      "csi_gamma_0_01": 0.7834997174140136,
      "path_iou_gamma_0_001": 0.010608020305713672,
      "path_iou_gamma_0_01": 0.004083241407756281,
      "negative_prediction_ratio": 0.1165652945637703,
      "pred_min": -2.443262815475464,
      "pred_max": 22.007333755493164,
      "pred_mean": 0.38986310362815857
    },
    {
      "method": "flood_latent_temporal_clamped",
      "split": "test",
      "horizon": 72,
      "mae": 0.026799027770906734,
      "rmse": 0.08251254290356054,
      "mse": 0.006808319736411918,
      "nse": 0.9839977295928928,
      "csi_gamma_0_001": 0.6209966350085557,
      "csi_gamma_0_01": 0.7834997174140136,
      "path_iou_gamma_0_001": 0.010608020305713672,
      "path_iou_gamma_0_01": 0.004083241407756281,
      "negative_prediction_ratio": 0.1165652945637703,
      "pred_min": -2.443262815475464,
      "pred_max": 22.007333755493164,
      "pred_mean": 0.38986310362815857
    }
  ]
}