{
  "experiment_name": "floodcastbench_cnn_baseline_normalized",
  "mode": "normal_training",
  "dataset": "floodcastbench",
  "event": "Australia flood",
  "resolution": "30m",
  "input_window": 5,
  "horizon": 20,
  "model": "flood_cnn_baseline",
  "output_activation": "identity",
  "final_bias_init": null,
  "loss": "mse",
  "device": "cpu",
  "normalization_mode": "standard",
  "normalization_stats_path": "outputs/floodcastbench_normalization/water_depth_australia_30m_train_input5_h20_stats.json",
  "metrics_are_denormalized": true,
  "best_epoch": 5,
  "best_val_rmse_raw": 0.5814607128460743,
  "best_val_metrics": {
    "raw": {
      "mae": 0.28661058491968844,
      "mse": 0.3380965605834648,
      "rmse": 0.5814607128460743,
      "nse": -0.17642342667717603,
      "pearson_r": 0.430327160413264,
      "csi_gamma_0_001": 0.9774074135195066,
      "csi_gamma_0_01": 0.5261571627223843,
      "path_iou_gamma_0_001": 0.49116815944243075,
      "path_iou_gamma_0_01": 0.0340850346340183
    },
    "clamped": {
      "mae": 0.28661058491968844,
      "mse": 0.3380965605834648,
      "rmse": 0.5814607128460743,
      "nse": -0.17642342667717603,
      "pearson_r": 0.430327160413264,
      "csi_gamma_0_001": 0.9774074135195066,
      "csi_gamma_0_01": 0.5261571627223843,
      "path_iou_gamma_0_001": 0.49116815944243075,
      "path_iou_gamma_0_01": 0.0340850346340183
    },
    "loss": 6.669532299041748,
    "batches": 2,
    "pred_min": 0.05267070233821869,
    "pred_max": 0.08673079311847687,
    "pred_mean": 0.059948913753032684,
    "negative_prediction_ratio": 0.0,
    "target_min": 0.0,
    "target_max": 18.716867446899414,
    "target_mean": 0.28728044033050537,
    "input_current_min": 0.0,
    "input_current_max": 18.572622299194336,
    "input_current_mean": 0.2763737142086029
  },
  "test_metrics": {
    "raw": {
      "mae": 0.3673338865346048,
      "mse": 0.511751962297484,
      "rmse": 0.7153684101898015,
      "nse": -0.2132014330914287,
      "pearson_r": 0.5018595977288819,
      "csi_gamma_0_001": 0.5204702565469992,
      "csi_gamma_0_01": 0.4683552659578626,
      "path_iou_gamma_0_001": 0.009157245169136526,
      "path_iou_gamma_0_01": 0.0004269121493309256
    },
    "clamped": {
      "mae": 0.3673338865346048,
      "mse": 0.511751962297484,
      "rmse": 0.7153684101898015,
      "nse": -0.2132014330914287,
      "pearson_r": 0.5018595977288819,
      "csi_gamma_0_001": 0.5204702565469992,
      "csi_gamma_0_01": 0.4683552659578626,
      "path_iou_gamma_0_001": 0.009157245169136526,
      "path_iou_gamma_0_01": 0.0004269121493309256
    },
    "loss": 10.095179080963135,
    "batches": 2,
    "pred_min": 0.052656516432762146,
    "pred_max": 0.08537639677524567,
    "pred_mean": 0.06070275604724884,
    "negative_prediction_ratio": 0.0,
    "target_min": 0.0,
    "target_max": 18.26207160949707,
    "target_mean": 0.36394625902175903,
    "input_current_min": 0.0,
    "input_current_max": 18.26424789428711,
    "input_current_mean": 0.36388638615608215
  },
  "raw_root_mtime_unchanged": true,
  "total_time_sec": 27.741461400000844,
  "run_dir": "C:\\Users\\GDYZ5751\\Desktop\\UTeM\\code\\a-iat-research\\train_runs\\21-06-2026_16-36-37_floodcastbench_cnn_baseline_normalized"
}