{
  "experiment_name": "floodcastbench_cnn_baseline_normalized_softplus",
  "mode": "normal_training",
  "dataset": "floodcastbench",
  "event": "Australia flood",
  "resolution": "30m",
  "input_window": 5,
  "horizon": 20,
  "model": "flood_cnn_baseline",
  "output_activation": "softplus",
  "final_bias_init": -5.0,
  "loss": "mse",
  "device": "cpu",
  "normalization_mode": "standard",
  "normalization_stats_path": "outputs/floodcastbench_normalization/water_depth_australia_30m_train_input5_h20_stats.json",
  "metrics_are_denormalized": true,
  "best_epoch": 5,
  "best_val_rmse_raw": 0.49769711824153573,
  "best_val_metrics": {
    "raw": {
      "mae": 0.2764367933709652,
      "mse": 0.24770242150592922,
      "rmse": 0.49769711824153573,
      "nse": 0.17233751337206338,
      "pearson_r": 0.5707789658245755,
      "csi_gamma_0_001": 0.9833857654936166,
      "csi_gamma_0_01": 0.5476010766687889,
      "path_iou_gamma_0_001": 0.6496648771833935,
      "path_iou_gamma_0_01": 0.07545153615576376
    },
    "clamped": {
      "mae": 0.2764367933709652,
      "mse": 0.24770242150592922,
      "rmse": 0.49769711824153573,
      "nse": 0.17233751337206338,
      "pearson_r": 0.5707789658245755,
      "csi_gamma_0_001": 0.9833857654936166,
      "csi_gamma_0_01": 0.5476010766687889,
      "path_iou_gamma_0_001": 0.6496648771833935,
      "path_iou_gamma_0_01": 0.07545153615576376
    },
    "loss": 4.886352825164795,
    "batches": 20,
    "pred_min": 0.06987443566322327,
    "pred_max": 9.730915069580078,
    "pred_mean": 0.2926640510559082,
    "negative_prediction_ratio": 0.0,
    "target_min": 0.0,
    "target_max": 18.716867446899414,
    "target_mean": 0.28728044033050537,
    "input_current_min": 0.0,
    "input_current_max": 18.572622299194336,
    "input_current_mean": 0.2763737142086029
  },
  "test_metrics": {
    "raw": {
      "mae": 0.354551909412948,
      "mse": 0.4102476762723774,
      "rmse": 0.6405057972199607,
      "nse": 0.027877342787323123,
      "pearson_r": 0.6504154387493057,
      "csi_gamma_0_001": 0.5297923095830992,
      "csi_gamma_0_01": 0.46816869895572855,
      "path_iou_gamma_0_001": 0.028586988441944124,
      "path_iou_gamma_0_01": 0.0004795538571594849
    },
    "clamped": {
      "mae": 0.354551909412948,
      "mse": 0.4102476762723774,
      "rmse": 0.6405057972199607,
      "nse": 0.027877342787323123,
      "pearson_r": 0.6504154387493057,
      "csi_gamma_0_001": 0.5297923095830992,
      "csi_gamma_0_01": 0.46816869895572855,
      "path_iou_gamma_0_001": 0.028586988441944124,
      "path_iou_gamma_0_01": 0.0004795538571594849
    },
    "loss": 8.092835521697998,
    "batches": 20,
    "pred_min": 0.06987010687589645,
    "pred_max": 11.273799896240234,
    "pred_mean": 0.4918636977672577,
    "negative_prediction_ratio": 0.0,
    "target_min": 0.0,
    "target_max": 18.26207160949707,
    "target_mean": 0.36394625902175903,
    "input_current_min": 0.0,
    "input_current_max": 18.26424789428711,
    "input_current_mean": 0.36388638615608215
  },
  "raw_root_mtime_unchanged": true,
  "total_time_sec": 283.17840899998555,
  "run_dir": "C:\\Users\\GDYZ5751\\Desktop\\UTeM\\code\\a-iat-research\\train_runs\\21-06-2026_16-51-40_floodcastbench_cnn_baseline_normalized_softplus"
}