epoch,train_loss,val_loss,train_rmse_raw,val_rmse_raw,train_rmse_clamped,val_rmse_clamped,train_mae_raw,val_mae_raw,train_mae_clamped,val_mae_clamped,train_mse_raw,val_mse_raw,train_nse_raw,val_nse_raw,val_csi_gamma_0_001_raw,val_csi_gamma_0_001_clamped,val_csi_gamma_0_01_raw,val_csi_gamma_0_01_clamped,val_path_iou_gamma_0_001_raw,val_path_iou_gamma_0_001_clamped,val_path_iou_gamma_0_01_raw,val_path_iou_gamma_0_01_clamped,train_pred_min,val_pred_min,train_pred_max,val_pred_max,train_pred_mean,val_pred_mean,train_negative_prediction_ratio,val_negative_prediction_ratio,train_target_mean,val_target_mean,learning_rate,epoch_time_sec
1,0.002869320579442244,0.01617263228057281,0.012060414910264466,0.028632750217657574,0.012059905547152664,0.028632402813507037,0.0037450702669880086,0.01876860030176215,0.003737704768258752,0.018761459284260446,0.00014545360780772947,0.0008198343850267699,0.997275823438801,0.9979348905163773,0.7127803710401855,0.7127803710401855,0.7200231018032422,0.7200231018032422,0.014525876670020043,0.014525876670020043,0.013605222642559237,0.013605222642559237,0.006358366459608078,-0.011809147894382477,15.247116088867188,18.74711799621582,0.1950146108865738,0.2923768162727356,0.0,0.0015720962546765804,0.19753985106945038,0.28728044033050537,0.0001,6515.093140699988
2,0.0028003639789642466,0.01125167383739323,0.011914613398479152,0.02388258194108351,0.011913450567032472,0.023880197692331614,0.0035949782744371063,0.015009903624887138,0.0035834335925947055,0.014987061247587592,0.00014195801243521892,0.0005703777201725681,0.9973412918663275,0.9985632556273704,0.731901243690224,0.731901243690224,0.7629628284053324,0.7629628284053324,0.015695617784461297,0.015695617784461297,0.015986707602926004,0.015986707602926004,-0.0032649338245391846,-0.02162214368581772,8.727709770202637,18.70632553100586,0.06932957470417023,0.2888450622558594,0.00031441924511455,0.0047988020814955235,0.06967660784721375,0.28728044033050537,0.0001,7576.199479000003
