{
  "experiment_name": "floodcastbench_cnn_baseline_normalized",
  "mode": "normal_training",
  "dataset": "floodcastbench",
  "event": "Australia flood",
  "resolution": "30m",
  "input_window": 5,
  "horizon": 20,
  "model": "flood_cnn_baseline",
  "output_activation": "identity",
  "final_bias_init": null,
  "loss": "mse",
  "device": "cpu",
  "normalization_mode": "standard",
  "normalization_stats_path": "outputs/floodcastbench_normalization/water_depth_australia_30m_train_input5_h20_stats.json",
  "metrics_are_denormalized": true,
  "best_epoch": 5,
  "best_val_rmse_raw": 0.4302653784493728,
  "best_val_metrics": {
    "raw": {
      "mae": 0.2400169852622491,
      "mse": 0.185128295892182,
      "rmse": 0.4302653784493728,
      "nse": 0.38142007336150296,
      "pearson_r": 0.6271644804900702,
      "csi_gamma_0_001": 0.8938616132510222,
      "csi_gamma_0_01": 0.585514146519383,
      "path_iou_gamma_0_001": 0.5234728445835137,
      "path_iou_gamma_0_01": 0.07453733353309087
    },
    "clamped": {
      "mae": 0.23916223935556213,
      "mse": 0.18510677321056795,
      "rmse": 0.43024036678415933,
      "nse": 0.3814919883475385,
      "pearson_r": 0.6274534037142823,
      "csi_gamma_0_001": 0.8938616132510222,
      "csi_gamma_0_01": 0.585514146519383,
      "path_iou_gamma_0_001": 0.5234728445835137,
      "path_iou_gamma_0_01": 0.07453733353309087
    },
    "loss": 3.6519715785980225,
    "batches": 20,
    "pred_min": -0.030908115208148956,
    "pred_max": 4.772696495056152,
    "pred_mean": 0.3514067828655243,
    "negative_prediction_ratio": 0.09192333370447159,
    "target_min": 0.0,
    "target_max": 18.716867446899414,
    "target_mean": 0.28728044033050537,
    "input_current_min": 0.0,
    "input_current_max": 18.572622299194336,
    "input_current_mean": 0.2763737142086029
  },
  "test_metrics": {
    "raw": {
      "mae": 0.27686017094158144,
      "mse": 0.23391822352689803,
      "rmse": 0.48365093148560984,
      "nse": 0.4457075123700145,
      "pearson_r": 0.6898805063895108,
      "csi_gamma_0_001": 0.5789402039605719,
      "csi_gamma_0_01": 0.5313973690248429,
      "path_iou_gamma_0_001": 0.02920739696837276,
      "path_iou_gamma_0_01": 0.0005991425918588723
    },
    "clamped": {
      "mae": 0.2756900055826788,
      "mse": 0.23389801047311412,
      "rmse": 0.483630034709502,
      "nse": 0.4457554092106094,
      "pearson_r": 0.6901335077103107,
      "csi_gamma_0_001": 0.5789402039605719,
      "csi_gamma_0_01": 0.5313973690248429,
      "path_iou_gamma_0_001": 0.02920739696837276,
      "path_iou_gamma_0_01": 0.0005991425918588723
    },
    "loss": 4.614436078071594,
    "batches": 20,
    "pred_min": -0.03359418362379074,
    "pred_max": 5.874588489532471,
    "pred_mean": 0.46735283732414246,
    "negative_prediction_ratio": 0.1108345240354538,
    "target_min": 0.0,
    "target_max": 18.26207160949707,
    "target_mean": 0.36394625902175903,
    "input_current_min": 0.0,
    "input_current_max": 18.26424789428711,
    "input_current_mean": 0.36388638615608215
  },
  "raw_root_mtime_unchanged": true,
  "total_time_sec": 313.5475624999963,
  "run_dir": "C:\\Users\\GDYZ5751\\Desktop\\UTeM\\code\\a-iat-research\\train_runs\\21-06-2026_16-37-25_floodcastbench_cnn_baseline_normalized"
}