epoch,train_loss,val_loss,train_rmse,val_rmse,train_mae,val_mae,train_mse,val_mse,train_nse,val_nse,val_csi_gamma_0_001,val_csi_gamma_0_01,val_path_iou_gamma_0_001,val_path_iou_gamma_0_01,learning_rate,epoch_time_sec
1,0.4115273505449295,0.426618754863739,0.6415039768413714,0.653160590511513,0.631052407695802,0.5481296234612348,0.41152735230329474,0.4266187569973483,-13.301947475246804,-0.4844407549343377,0.9774074135195066,0.5261571627223843,0.49116815944243075,0.0340850346340183,0.0001,4.572728700004518
