epoch,train_loss,val_loss,train_rmse_raw,val_rmse_raw,train_rmse_clamped,val_rmse_clamped,train_mae_raw,val_mae_raw,train_mae_clamped,val_mae_clamped,train_mse_raw,val_mse_raw,train_nse_raw,val_nse_raw,val_csi_gamma_0_001_raw,val_csi_gamma_0_001_clamped,val_csi_gamma_0_01_raw,val_csi_gamma_0_01_clamped,val_path_iou_gamma_0_001_raw,val_path_iou_gamma_0_001_clamped,val_path_iou_gamma_0_01_raw,val_path_iou_gamma_0_01_clamped,train_pred_min,val_pred_min,train_pred_max,val_pred_max,train_pred_mean,val_pred_mean,train_negative_prediction_ratio,val_negative_prediction_ratio,train_target_mean,val_target_mean,learning_rate,epoch_time_sec
1,0.005955351982265711,0.017624761909246445,0.017375064274405688,0.02989057918113079,0.016523497389910533,0.029653234403821355,0.00919294951747068,0.017762483956041235,0.005319227313880307,0.016157267017616165,0.0003018928585397289,0.0008934467237834494,0.9612322353694578,0.9968912085228949,0.5523986190778746,0.5523986190778746,0.9272248742225567,0.9272248742225567,0.0,0.0,0.0,0.0,-0.006909385323524475,-0.006336487829685211,6.207057952880859,18.56909942626953,0.012610852718353271,0.2707178592681885,0.7720191478729248,0.4446140229701996,0.021749135106801987,0.287799209356308,0.0001,16.44162297999719
