{
  "experiment_name": "floodcastbench_latent_mamba_h20",
  "mode": "normal_training",
  "dataset": "floodcastbench",
  "event": "Australia flood",
  "resolution": "30m",
  "input_window": 5,
  "horizon": 20,
  "model": "flood_latent_temporal",
  "output_activation": "identity",
  "final_bias_init": null,
  "loss": "mse",
  "device": "cuda",
  "normalization_mode": "standard",
  "normalization_stats_path": "outputs/floodcastbench_normalization/water_depth_australia_30m_train_input5_h20_stats.json",
  "metrics_are_denormalized": true,
  "best_epoch": 1,
  "best_val_rmse_raw": 0.02989057918113079,
  "best_val_metrics": {
    "raw": {
      "mae": 0.017762483956041235,
      "mse": 0.0008934467237834494,
      "rmse": 0.02989057918113079,
      "nse": 0.9968912085228949,
      "pearson_r": 0.9993190035337818,
      "csi_gamma_0_001": 0.5523986190778746,
      "csi_gamma_0_01": 0.9272248742225567,
      "path_iou_gamma_0_001": 0.0,
      "path_iou_gamma_0_01": 0.0
    },
    "clamped": {
      "mae": 0.016157267017616165,
      "mse": 0.0008793143106079745,
      "rmse": 0.029653234403821355,
      "nse": 0.9969403829442245,
      "pearson_r": 0.9992958404552347,
      "csi_gamma_0_001": 0.5523986190778746,
      "csi_gamma_0_01": 0.9272248742225567,
      "path_iou_gamma_0_001": 0.0,
      "path_iou_gamma_0_01": 0.0
    },
    "loss": 0.017624761909246445,
    "batches": 1,
    "pred_min": -0.006336487829685211,
    "pred_max": 18.56909942626953,
    "pred_mean": 0.2707178592681885,
    "negative_prediction_ratio": 0.4446140229701996,
    "target_min": 0.0,
    "target_max": 18.732425689697266,
    "target_mean": 0.287799209356308,
    "input_current_min": 0.0,
    "input_current_max": 18.575254440307617,
    "input_current_mean": 0.27663755416870117
  },
  "test_metrics": {
    "raw": {
      "mae": 0.006526630379435417,
      "mse": 6.329150626680327e-05,
      "rmse": 0.007955595908968936,
      "nse": 0.9998499559225889,
      "pearson_r": 0.9999674689596048,
      "csi_gamma_0_001": 0.9065677425168587,
      "csi_gamma_0_01": 0.9938930434282769,
      "path_iou_gamma_0_001": 0.0,
      "path_iou_gamma_0_01": 0.0
    },
    "clamped": {
      "mae": 0.0036273425306211343,
      "mse": 4.484033370348528e-05,
      "rmse": 0.006696292534192729,
      "nse": 0.9998936977977269,
      "pearson_r": 0.9999622478647723,
      "csi_gamma_0_001": 0.9065677425168587,
      "csi_gamma_0_01": 0.9938930434282769,
      "path_iou_gamma_0_001": 0.0,
      "path_iou_gamma_0_01": 0.0
    },
    "loss": 0.001248532789759338,
    "batches": 1,
    "pred_min": -0.006799481809139252,
    "pred_max": 18.258113861083984,
    "pred_mean": 0.3579752743244171,
    "negative_prediction_ratio": 0.5267664790153503,
    "target_min": 0.0,
    "target_max": 18.26207160949707,
    "target_mean": 0.3639521598815918,
    "input_current_min": 0.0,
    "input_current_max": 18.26424789428711,
    "input_current_mean": 0.3638867735862732
  },
  "raw_root_mtime_unchanged": true,
  "total_time_sec": 24.855189947003964,
  "run_dir": "/mnt/c/Users/Student/Desktop/wissam/a-iat-research/train_runs/24-06-2026_01-24-35_floodcastbench_latent_mamba_h20"
}