{
  "version": "diff_sparse_v1_train_only_standardization",
  "fit_split": "train",
  "train_frame_range": [
    0,
    2320
  ],
  "min_std": 1e-06,
  "channels": {
    "water": {
      "mean": 0.10608093992361026,
      "std": 0.29113508448522335,
      "min": 2.1659754565916955e-05,
      "max": 15.013915061950684,
      "count": 666526720
    },
    "dem": {
      "mean": 22.019779545949998,
      "std": 39.50021496659641,
      "min": -1.4188876152038574,
      "max": 214.3459930419922,
      "count": 287296
    },
    "rainfall": {
      "mean": 1.8715857380428271,
      "std": 3.091371716496426,
      "min": 0.0,
      "max": 26.329999923706055,
      "count": 445564323
    }
  }
}