{
  "version": "diff_sparse_v2_train_delta_stats",
  "train_frame_range": [
    0,
    1580
  ],
  "frame_stride": 4,
  "num_deltas": 394,
  "delta_mean_physical": 0.00024292736402735753,
  "delta_std_physical": 0.0016214605212191337,
  "delta_abs_max_physical": 0.4943111538887024
}