{
  "version": "diff_sparse_v2_train_delta_stats",
  "train_frame_range": [
    0,
    1580
  ],
  "frame_stride": 6,
  "num_deltas": 263,
  "delta_mean_physical": 0.0003646492797805797,
  "delta_std_physical": 0.0024167275675548525,
  "delta_abs_max_physical": 0.6896962523460388
}