{
  "experiment_name": "floodcastbench_latent_temporal",
  "mode": "normal_training",
  "dataset": "floodcastbench",
  "event": "Australia flood",
  "resolution": "30m",
  "input_window": 5,
  "horizon": 20,
  "model": "flood_latent_temporal",
  "output_activation": "identity",
  "final_bias_init": null,
  "loss": "mse",
  "device": "cuda",
  "normalization_mode": "standard",
  "normalization_stats_path": "outputs/floodcastbench_normalization/water_depth_australia_30m_train_input5_h20_stats.json",
  "metrics_are_denormalized": true,
  "best_epoch": 7,
  "best_val_rmse_raw": 0.0225208274450868,
  "best_val_metrics": {
    "raw": {
      "mae": 0.0132667052352994,
      "mse": 0.0005071876688113749,
      "rmse": 0.0225208274450868,
      "nse": 0.9987224272891807,
      "pearson_r": 0.9995004841662404,
      "csi_gamma_0_001": 0.7923231025934384,
      "csi_gamma_0_01": 0.8270902246343385,
      "path_iou_gamma_0_001": 0.0161859382331195,
      "path_iou_gamma_0_01": 0.019644191211616886
    },
    "clamped": {
      "mae": 0.013211646932683471,
      "mse": 0.0005068637662847637,
      "rmse": 0.022513635119295234,
      "nse": 0.9987232431785534,
      "pearson_r": 0.9995017513197345,
      "csi_gamma_0_001": 0.7923231025934384,
      "csi_gamma_0_01": 0.8270902246343385,
      "path_iou_gamma_0_001": 0.0161859382331195,
      "path_iou_gamma_0_01": 0.019644191211616886
    },
    "loss": 0.010005142304626312,
    "batches": 408,
    "pred_min": -0.05134350806474686,
    "pred_max": 18.72842788696289,
    "pred_mean": 0.28690147399902344,
    "negative_prediction_ratio": 0.009922446683049202,
    "target_min": 0.0,
    "target_max": 18.716867446899414,
    "target_mean": 0.28728044033050537,
    "input_current_min": 0.0,
    "input_current_max": 18.572622299194336,
    "input_current_mean": 0.2763736844062805
  },
  "test_metrics": {
    "raw": {
      "mae": 0.013833733202498467,
      "mse": 0.00043318377791899557,
      "rmse": 0.0208130674798069,
      "nse": 0.9989808987393991,
      "pearson_r": 0.9998470641830746,
      "csi_gamma_0_001": 0.6713000621565508,
      "csi_gamma_0_01": 0.8427075511687112,
      "path_iou_gamma_0_001": 0.007396847879069252,
      "path_iou_gamma_0_01": 0.0016737128708084255
    },
    "clamped": {
      "mae": 0.013752008832748193,
      "mse": 0.00043279276106383846,
      "rmse": 0.02080367181686537,
      "nse": 0.9989818186394285,
      "pearson_r": 0.9998488850024965,
      "csi_gamma_0_001": 0.6713000621565508,
      "csi_gamma_0_01": 0.8427075511687112,
      "path_iou_gamma_0_001": 0.007396847879069252,
      "path_iou_gamma_0_01": 0.0016737128708084255
    },
    "loss": 0.008545289187257185,
    "batches": 409,
    "pred_min": -0.051732733845710754,
    "pred_max": 18.43373680114746,
    "pred_mean": 0.37746310234069824,
    "negative_prediction_ratio": 0.1218869686126709,
    "target_min": 0.0,
    "target_max": 18.26207160949707,
    "target_mean": 0.36394625902175903,
    "input_current_min": 0.0,
    "input_current_max": 18.26424789428711,
    "input_current_mean": 0.36388638615608215
  },
  "raw_root_mtime_unchanged": true,
  "total_time_sec": 10131.1361148,
  "run_dir": "C:\\Users\\Student\\Desktop\\wissam\\a-iat-research\\train_runs\\22-06-2026_15-25-53_floodcastbench_latent_temporal"
}