{
  "experiment_name": "floodcastbench_latent_temporal",
  "mode": "overfit_one_batch",
  "dataset": "floodcastbench",
  "event": "Australia flood",
  "resolution": "30m",
  "input_window": 5,
  "horizon": 20,
  "model": "flood_latent_temporal",
  "output_activation": "identity",
  "final_bias_init": null,
  "loss": "mse",
  "device": "cpu",
  "normalization_mode": "standard",
  "normalization_stats_path": "outputs/floodcastbench_normalization/water_depth_australia_30m_train_input5_h20_stats.json",
  "metrics_are_denormalized": true,
  "overfit_steps": 50,
  "overfit_log_every": 10,
  "best_step": 50,
  "best_rmse_raw": 0.00032059900123445175,
  "initial_loss": 0.002336948411539197,
  "final_loss": 2.0275840597605566e-06,
  "loss_decreased": true,
  "final_metrics": {
    "raw": {
      "mae": 6.96962325818311e-05,
      "mse": 1.0278371959252798e-07,
      "rmse": 0.00032059900123445175,
      "nse": 0.9986171551339117,
      "pearson_r": 0.9994339550811608,
      "csi_gamma_0_001": 0.9622540471031725,
      "csi_gamma_0_01": 0.9807266235023339,
      "path_iou_gamma_0_001": 0.0003143171460003143,
      "path_iou_gamma_0_01": 0.013452914798206279
    },
    "clamped": {
      "mae": 6.964208002238948e-05,
      "mse": 1.0275808682401053e-07,
      "rmse": 0.0003205590223718723,
      "nse": 0.9986174999953594,
      "pearson_r": 0.9994341055056798,
      "csi_gamma_0_001": 0.9622540471031725,
      "csi_gamma_0_01": 0.9807266235023339,
      "path_iou_gamma_0_001": 0.0003143171460003143,
      "path_iou_gamma_0_01": 0.013452914798206279
    },
    "loss": 2.0275840597605566e-06,
    "batches": 1,
    "pred_min": -0.0002634301781654358,
    "pred_max": 1.0583124160766602,
    "pred_mean": 0.0021740852389484644,
    "negative_prediction_ratio": 0.0007556484779343009,
    "target_min": 2.2836029529571533e-05,
    "target_max": 1.051896572113037,
    "target_mean": 0.002190271858125925,
    "input_current_min": 2.4087727069854736e-05,
    "input_current_max": 1.0583518743515015,
    "input_current_mean": 0.002190273255109787
  },
  "raw_root_mtime_unchanged": true,
  "total_time_sec": 162.09223890001886,
  "run_dir": "C:\\Users\\GDYZ5751\\Desktop\\UTeM\\code\\a-iat-research\\train_runs\\21-06-2026_17-14-59_floodcastbench_latent_temporal"
}